,EulerSwept,HeatSwept
5000000,1.6580121471810811,6.658915857756082
20000000,1.770482661884607,5.465833147829844
40000000,1.7655102159216594,5.2825689176328305
60000000,1.761774657626146,5.230497558189415
