{
	"Temperature" : 
	{
		"0.000000" : 
		{
			"0.000434" : 0.0,
			"0.000868" : 0.040905837451673976,
			"0.001302" : 0.081809773569364544,
			"0.001736" : 0.12270990710746374,
			"0.002170" : 0.1636043369971103,
			"0.002604" : 0.2044911624345529,
			"0.003038" : 0.24536848296950065,
			"0.003472" : 0.28623439859345801,
			"0.003906" : 0.3270870098280379,
			"0.004340" : 0.36792441781325147,
			"0.004774" : 0.40874472439576814,
			"0.005208" : 0.44954603221714334,
			"0.005642" : 0.49032644480200926,
			"0.006076" : 0.53108406664622443,
			"0.006510" : 0.57181700330497787,
			"0.006944" : 0.61252336148084452,
			"0.007378" : 0.65320124911178734,
			"0.007812" : 0.69384877545910151,
			"0.008247" : 0.73446405119529712,
			"0.008681" : 0.77504518849191728,
			"0.009115" : 0.81559030110728514,
			"0.009549" : 0.85609750447417743,
			"0.009983" : 0.89656491578742303,
			"0.010417" : 0.9369906540914128,
			"0.010851" : 0.97737284036753225,
			"0.011285" : 1.0177095976214972,
			"0.011719" : 1.0579990509705974,
			"0.012153" : 1.0982393277308458,
			"0.012587" : 1.1384285575040176,
			"0.013021" : 1.1785648722645921,
			"0.013455" : 1.2186464064465772,
			"0.013889" : 1.2586712970302232,
			"0.014323" : 1.2986376836286171,
			"0.014757" : 1.3385437085741558,
			"0.015191" : 1.37838751700489,
			"0.015625" : 1.418167256950742,
			"0.016059" : 1.4578810794195833,
			"0.016493" : 1.4975271384831808,
			"0.016927" : 1.5371035913629951,
			"0.017361" : 1.5766085985158342,
			"0.017795" : 1.6160403237193561,
			"0.018229" : 1.6553969341574197,
			"0.018663" : 1.6946766005052747,
			"0.019097" : 1.7338774970145896,
			"0.019531" : 1.7729978015983132,
			"0.019965" : 1.8120356959153685,
			"0.020399" : 1.8509893654551681,
			"0.020833" : 1.8898569996219576,
			"0.021267" : 1.9286367918189691,
			"0.021701" : 1.9673269395323967,
			"0.022135" : 2.0059256444151758,
			"0.022569" : 2.0444311123705741,
			"0.023003" : 2.082841553635582,
			"0.023438" : 2.1211551828641011,
			"0.023872" : 2.1593702192099284,
			"0.024306" : 2.1974848864095335,
			"0.024740" : 2.2354974128646172,
			"0.025174" : 2.2734060317244609,
			"0.025608" : 2.3112089809680469,
			"0.026042" : 2.3489045034859619,
			"0.026476" : 2.3864908471620661,
			"0.026910" : 2.4239662649549349,
			"0.027344" : 2.4613290149790621,
			"0.027778" : 2.498577360585823,
			"0.028212" : 2.5357095704441965,
			"0.028646" : 2.5727239186212381,
			"0.029080" : 2.6096186846623022,
			"0.029514" : 2.6463921536710115,
			"0.029948" : 2.6830426163889647,
			"0.030382" : 2.7195683692751853,
			"0.030816" : 2.7559677145853034,
			"0.031250" : 2.7922389604504678,
			"0.031684" : 2.8283804209559857,
			"0.032118" : 2.8643904162196847,
			"0.032552" : 2.9002672724699963,
			"0.032986" : 2.9360093221237524,
			"0.033420" : 2.9716149038636965,
			"0.033854" : 3.0070823627157028,
			"0.034288" : 3.0424100501257021,
			"0.034722" : 3.0775963240363051,
			"0.035156" : 3.1126395489631289,
			"0.035590" : 3.1475380960708135,
			"0.036024" : 3.1822903432487335,
			"0.036458" : 3.2168946751863934,
			"0.036892" : 3.2513494834485099,
			"0.037326" : 3.2856531665497704,
			"0.037760" : 3.319804130029274,
			"0.038194" : 3.3538007865246424,
			"0.038628" : 3.3876415558458026,
			"0.039062" : 3.4213248650484314,
			"0.039497" : 3.4548491485070718,
			"0.039931" : 3.4882128479879029,
			"0.040365" : 3.5214144127211671,
			"0.040799" : 3.5544522994732501,
			"0.041233" : 3.5873249726184171,
			"0.041667" : 3.6200309042101786,
			"0.042101" : 3.6525685740523235,
			"0.042535" : 3.6849364697695703,
			"0.042969" : 3.7171330868778663,
			"0.043403" : 3.7491569288543181,
			"0.043837" : 3.7810065072067482,
			"0.044271" : 3.8126803415428832,
			"0.044705" : 3.8441769596391646,
			"0.045139" : 3.8754948975091761,
			"0.045573" : 3.9066326994716944,
			"0.046007" : 3.9375889182183448,
			"0.046441" : 3.9683621148808799,
			"0.046875" : 3.9989508590980538,
			"0.047309" : 4.0293537290821098,
			"0.047743" : 4.0595693116848643,
			"0.048177" : 4.0895962024633903,
			"0.048611" : 4.119433005745301,
			"0.049045" : 4.1490783346936162,
			"0.049479" : 4.1785308113712283,
			"0.049913" : 4.2077890668049456,
			"0.050347" : 4.2368517410491284,
			"0.050781" : 4.2657174832488938,
			"0.051215" : 4.2943849517029111,
			"0.051649" : 4.3228528139257598,
			"0.052083" : 4.3511197467098679,
			"0.052517" : 4.379184436187014,
			"0.052951" : 4.4070455778893951,
			"0.053385" : 4.434701876810264,
			"0.053819" : 4.4621520474641194,
			"0.054253" : 4.4893948139464541,
			"0.054688" : 4.5164289099930652,
			"0.055122" : 4.543253079038907,
			"0.055556" : 4.5698660742764954,
			"0.055990" : 4.5962666587138674,
			"0.056424" : 4.6224536052320708,
			"0.056858" : 4.6484256966422048,
			"0.057292" : 4.6741817257419935,
			"0.057726" : 4.6997204953719027,
			"0.058160" : 4.7250408184707755,
			"0.058594" : 4.75014151813102,
			"0.059028" : 4.775021427653301,
			"0.059462" : 4.7996793906007778,
			"0.059896" : 4.824114260852852,
			"0.060330" : 4.8483249026584385,
			"0.060764" : 4.8723101906887623,
			"0.061198" : 4.8960690100896596,
			"0.061632" : 4.9196002565333945,
			"0.062066" : 4.9429028362699992,
			"0.062500" : 4.9659756661780996,
			"0.062934" : 4.9888176738152712,
			"0.063368" : 5.0114277974678769,
			"0.063802" : 5.0338049862004244,
			"0.064236" : 5.0559481999044102,
			"0.064670" : 5.0778564093466638,
			"0.065104" : 5.0995285962171906,
			"0.065538" : 5.1209637531765013,
			"0.065972" : 5.142160883902438,
			"0.066406" : 5.1631190031364742,
			"0.066840" : 5.1838371367295206,
			"0.067274" : 5.2043143216871997,
			"0.067708" : 5.2245496062146071,
			"0.068142" : 5.244542049760553,
			"0.068576" : 5.2642907230612757,
			"0.069010" : 5.2837947081836392,
			"0.069444" : 5.3030530985677968,
			"0.069878" : 5.3220649990693305,
			"0.070312" : 5.3408295260008538,
			"0.070747" : 5.3593458071730922,
			"0.071181" : 5.3776129819354175,
			"0.071615" : 5.3956302012158588,
			"0.072049" : 5.4133966275605578,
			"0.072483" : 5.4309114351727015,
			"0.072917" : 5.4481738099509069,
			"0.073351" : 5.4651829495270539,
			"0.073785" : 5.4819380633035903,
			"0.074219" : 5.4984383724902663,
			"0.074653" : 5.5146831101403464,
			"0.075087" : 5.5306715211862478,
			"0.075521" : 5.5464028624746424,
			"0.075955" : 5.5618764028009968,
			"0.076389" : 5.5770914229435604,
			"0.076823" : 5.5920472156967911,
			"0.077257" : 5.6067430859042329,
			"0.077691" : 5.6211783504908261,
			"0.078125" : 5.635352338494652,
			"0.078559" : 5.6492643910981251,
			"0.078993" : 5.6629138616586125,
			"0.079427" : 5.6763001157384938,
			"0.079861" : 5.689422531134646,
			"0.080295" : 5.7022804979073669,
			"0.080729" : 5.7148734184087226,
			"0.081163" : 5.7272007073103302,
			"0.081597" : 5.7392617916305637,
			"0.082031" : 5.7510561107611826,
			"0.082465" : 5.7625831164933947,
			"0.082899" : 5.7738422730433339,
			"0.083333" : 5.7848330570769653,
			"0.083767" : 5.7955549577344092,
			"0.084201" : 5.8060074766536873,
			"0.084635" : 5.8161901279938863,
			"0.085069" : 5.82610243845774,
			"0.085503" : 5.8357439473136292,
			"0.085938" : 5.8451142064169943,
			"0.086372" : 5.8542127802311716,
			"0.086806" : 5.863039245847629,
			"0.087240" : 5.87159319300563,
			"0.087674" : 5.8798742241112993,
			"0.088108" : 5.8878819542561054,
			"0.088542" : 5.8956160112347487,
			"0.088976" : 5.9030760355624645,
			"0.089410" : 5.9102616804917298,
			"0.089844" : 5.9171726120283852,
			"0.090278" : 5.9238085089471504,
			"0.090712" : 5.9301690628065638,
			"0.091146" : 5.9362539779633163,
			"0.091580" : 5.9420629715859885,
			"0.092014" : 5.9475957736682048,
			"0.092448" : 5.9528521270411776,
			"0.092882" : 5.9578317873856612,
			"0.093316" : 5.9625345232433125,
			"0.093750" : 5.9669601160274421,
			"0.094184" : 5.9711083600331811,
			"0.094618" : 5.9749790624470398,
			"0.095052" : 5.978572043355868,
			"0.095486" : 5.9818871357552208,
			"0.095920" : 5.9849241855571185,