{
	"Temperature" : 
	{
		"0.000000" : 
		{
			"0.667101" : -5.1961524227066267,
			"0.667535" : -5.2164845809029217,
			"0.667969" : -5.2365742729861733,
			"0.668403" : -5.2564205651724398,
			"0.668837" : -5.2760225349911831,
			"0.669271" : -5.2953792713281471,
			"0.669705" : -5.3144898744677374,
			"0.670139" : -5.3333534561347875,
			"0.670573" : -5.3519691395358828,
			"0.671007" : -5.3703360594001062,
			"0.671441" : -5.3884533620192574,
			"0.671875" : -5.4063202052875274,
			"0.672309" : -5.423935758740658,
			"0.672743" : -5.4412992035945189,
			"0.673177" : -5.4584097327831742,
			"0.673611" : -5.4752665509964107,
			"0.674045" : -5.491868874716678,
			"0.674479" : -5.5082159322555313,
			"0.674913" : -5.524306963789483,
			"0.675347" : -5.5401412213953254,
			"0.675781" : -5.555717969084899,
			"0.676215" : -5.5710364828392942,
			"0.676649" : -5.5860960506425084,
			"0.677083" : -5.6008959725145466,
			"0.677517" : -5.6154355605439514,
			"0.677951" : -5.6297141389197689,
			"0.678385" : -5.6437310439629771,
			"0.678819" : -5.6574856241573181,
			"0.679253" : -5.6709772401796039,
			"0.679688" : -5.6842052649294059,
			"0.680122" : -5.6971690835582196,
			"0.680556" : -5.7098680934980388,
			"0.680990" : -5.7223017044893592,
			"0.681424" : -5.734469338608629,
			"0.681858" : -5.7463704302950962,
			"0.682292" : -5.7580044263770951,
			"0.682726" : -5.7693707860977703,
			"0.683160" : -5.7804689811402019,
			"0.683594" : -5.7912984956519642,
			"0.684028" : -5.8018588262691111,
			"0.684462" : -5.8121494821395583,
			"0.684896" : -5.822169984945905,
			"0.685330" : -5.8319198689276748,
			"0.685764" : -5.8413986809029526,
			"0.686198" : -5.8506059802894486,
			"0.686632" : -5.8595413391249931,
			"0.687066" : -5.8682043420874068,
			"0.687500" : -5.8765945865138205,
			"0.687934" : -5.8847116824193835,
			"0.688368" : -5.8925552525153924,
			"0.688802" : -5.9001249322268334,
			"0.689236" : -5.9074203697093211,
			"0.689670" : -5.9144412258654526,
			"0.690104" : -5.9211871743605711,
			"0.690538" : -5.927657901637934,
			"0.690972" : -5.9338531069332863,
			"0.691406" : -5.9397725022888466,
			"0.691840" : -5.9454158125666803,
			"0.692274" : -5.9507827754614944,
			"0.692708" : -5.9558731415128321,
			"0.693142" : -5.9606866741166646,
			"0.693576" : -5.9652231495363894,
			"0.694010" : -5.9694823569132289,
			"0.694444" : -5.9734640982760308,
			"0.694878" : -5.9771681885504737,
			"0.695312" : -5.9805944555676627,
			"0.695747" : -5.9837427400721408,
			"0.696181" : -5.9866128957292855,
			"0.696615" : -5.9892047891321081,
			"0.697049" : -5.9915182998074634,
			"0.697483" : -5.9935533202216407,
			"0.697917" : -5.9953097557853638,
			"0.698351" : -5.9967875248581937,
			"0.698785" : -5.9979865587523156,
			"0.699219" : -5.9989068017357337,
			"0.699653" : -5.9995482110348668,
			"0.700087" : -5.9999107568365293,
			"0.700521" : -5.99999442228932,
			"0.700955" : -5.9997992035044065,
			"0.701389" : -5.9993251095557039,
			"0.701823" : -5.998572162479455,
			"0.702257" : -5.9975403972732027,
			"0.702691" : -5.9962298618941681,
			"0.703125" : -5.9946406172570184,
			"0.703559" : -5.992772737231034,
			"0.703993" : -5.9906263086366804,
			"0.704427" : -5.9882014312415661,
			"0.704861" : -5.9854982177558096,
			"0.705295" : -5.9825167938268002,
			"0.705729" : -5.9792572980333567,
			"0.706163" : -5.9757198818792867,
			"0.706597" : -5.9719047097863438,
			"0.707031" : -5.9678119590865872,
			"0.707465" : -5.963441820014137,
			"0.707899" : -5.9587944956963312,
			"0.708333" : -5.9538702021442891,
			"0.708767" : -5.9486691682428638,
			"0.709201" : -5.9431916357400096,
			"0.709635" : -5.9374378592355432,
			"0.710069" : -5.9314081061693109,
			"0.710503" : -5.9251026568087504,
			"0.710938" : -5.9185218042358763,
			"0.711372" : -5.9116658543336476,
			"0.711806" : -5.9045351257717549,
			"0.712240" : -5.8971299499918102,
			"0.712674" : -5.8894506711919252,
			"0.713108" : -5.8814976463107396,
			"0.713542" : -5.8732712450108089,
			"0.713976" : -5.8647718496614321,
			"0.714410" : -5.8559998553208743,
			"0.714844" : -5.8469556697180112,
			"0.715278" : -5.8376397132333615,
			"0.715712" : -5.8280524188795688,
			"0.716146" : -5.8181942322812619,
			"0.716580" : -5.8080656116543379,
			"0.717014" : -5.79766702778468,
			"0.717448" : -5.786998964006254,
			"0.717882" : -5.7760619161786639,
			"0.718316" : -5.7648563926640879,
			"0.718750" : -5.7533829143036606,
			"0.719184" : -5.7416420143932525,
			"0.719618" : -5.7296342386586963,
			"0.720052" : -5.7173601452304039,
			"0.720486" : -5.7048203046174342,
			"0.720920" : -5.6920152996809801,
			"0.721354" : -5.6789457256072691,
			"0.721788" : -5.6656121898799032,
			"0.722222" : -5.6520153122516081,
			"0.722656" : -5.6381557247154515,
			"0.723090" : -5.6240340714754504,
			"0.723524" : -5.6096510089166296,
			"0.723958" : -5.5950072055745217,
			"0.724392" : -5.5801033421040778,
			"0.724826" : -5.5649401112480383,
			"0.725260" : -5.5495182178047422,
			"0.725694" : -5.5338383785953535,
			"0.726128" : -5.5179013224305535,
			"0.726562" : -5.5017077900766607,
			"0.726997" : -5.4852585342211864,
			"0.727431" : -5.4685543194378763,
			"0.727865" : -5.4515959221511583,
			"0.728299" : -5.4343841306000371,
			"0.728733" : -5.4169197448014916,
			"0.729167" : -5.3992035765132673,
			"0.729601" : -5.381236449196134,
			"0.730035" : -5.3630191979756399,
			"0.730469" : -5.344552669603277,
			"0.730903" : -5.3258377224171234,
			"0.731337" : -5.3068752263019565,
			"0.731771" : -5.2876660626488032,
			"0.732205" : -5.2682111243139822,
			"0.732639" : -5.2485113155776126,
			"0.733073" : -5.2285675521015706,
			"0.733507" : -5.2083807608869304,
			"0.733941" : -5.1879518802308819,
			"0.734375" : -5.1672818596830989,
			"0.734809" : -5.146371660001634,
			"0.735243" : -5.125222253108241,
			"0.735677" : -5.103834622043208,
			"0.736111" : -5.0822097609196524,
			"0.736545" : -5.0603486748773205,
			"0.736979" : -5.0382523800358827,
			"0.737413" : -5.0159219034476834,
			"0.737847" : -4.9933582830500107,
			"0.738281" : -4.9705625676168541,
			"0.738715" : -4.9475358167101557,
			"0.739149" : -4.9242791006305451,
			"0.739583" : -4.9007935003676284,
			"0.740017" : -4.8770801075496966,
			"0.740451" : -4.8531400243930261,
			"0.740885" : -4.8289743636506302,
			"0.741319" : -4.8045842485605226,
			"0.741753" : -4.779970812793537,
			"0.742188" : -4.7551352004006162,
			"0.742622" : -4.730078565759638,
			"0.743056" : -4.7048020735217602,
			"0.743490" : -4.6793068985573001,
			"0.743924" : -4.653594225901073,
			"0.744358" : -4.6276652506973868,
			"0.744792" : -4.6015211781444432,
			"0.745226" : -4.5751632234383308,
			"0.745660" : -4.5485926117165443,
			"0.746094" : -4.521810578001018,
			"0.746528" : -4.4948183671407591,
			"0.746962" : -4.4676172337539581,
			"0.747396" : -4.4402084421696895,
			"0.747830" : -4.4125932663691154,
			"0.748264" : -4.3847729899263177,
			"0.748698" : -4.3567489059485824,
			"0.749132" : -4.3285223170163443,
			"0.749566" : -4.3000945351226125,
			"0.750000" : -4.2714668816119943,
			"0.750434" : -4.242640687119291,
			"0.750868" : -4.2136172915076111,
			"0.751302" : -4.1843980438061514,
			"0.751736" : -4.1549843021474286,
			"0.752170" : -4.1253774337042088,
			"0.752604" : -4.0955788146259273,
			"0.753038" : -4.0655898299747397,
			"0.753472" : -4.0354118736611149,
			"0.753906" : -4.0050463483790875,
			"0.754340" : -3.9744946655410311,
			"0.754774" : -3.9437582452120634,
			"0.755208" : -3.9128385160440446,
			"0.755642" : -3.8817369152091543,
			"0.756076" : -3.8504548883331005,
			"0.756510" : -3.8189938894279463,
			"0.756944" : -3.7873553808244997,
			"0.757378" : -3.7555408331043552,
			"0.757812" : -3.7235517250315429,
			"0.758247" : -3.6913895434837647,
			"0.758681" : -3.6590557833833346,
			"0.759115" : -3.6265519476276618,
			"0.759549" : -3.5938795470193785,
			"0.759983" : -3.5610401001961605,