{
	"Temperature" : 
	{
		"0.000000" : 
		{
			"0.889323" : 5.9088465180732461,
			"0.889757" : 5.9158124183952685,
			"0.890191" : 5.9225033473222215,
			"0.890625" : 5.9289189938547144,
			"0.891059" : 5.9350590597886859,
			"0.891493" : 5.9409232597292689,
			"0.891927" : 5.9465113211040581,
			"0.892361" : 5.9518229841757719,
			"0.892795" : 5.9568580020543287,
			"0.893229" : 5.9616161407083244,
			"0.893663" : 5.9660971789759083,
			"0.894097" : 5.9703009085750613,
			"0.894531" : 5.9742271341132831,
			"0.894965" : 5.9778756730966682,
			"0.895399" : 5.9812463559383868,
			"0.895833" : 5.9843390259665785,
			"0.896267" : 5.9871535394316204,
			"0.896701" : 5.989689765512817,
			"0.897135" : 5.9919475863244802,
			"0.897569" : 5.9939268969214039,
			"0.898003" : 5.9956276053037509,
			"0.898438" : 5.9970496324213203,
			"0.898872" : 5.9981929121772248,
			"0.899306" : 5.9990573914309655,
			"0.899740" : 5.9996430300008985,
			"0.900174" : 5.9999498006661032,
			"0.900608" : 5.9999776891676513,
			"0.901042" : 5.9997266942092624,
			"0.901476" : 5.9991968274573706,
			"0.901910" : 5.9983881135405808,
			"0.902344" : 5.9973005900485203,
			"0.902778" : 5.9959343075300975,
			"0.903212" : 5.9942893294911466,
			"0.903646" : 5.9923657323914821,
			"0.904080" : 5.9901636056413352,
			"0.904514" : 5.9876830515972115,
			"0.904948" : 5.9849241855571194,
			"0.905382" : 5.9818871357552208,
			"0.905816" : 5.9785720433558689,
			"0.906250" : 5.9749790624470407,
			"0.906684" : 5.9711083600331811,
			"0.907118" : 5.966960116027443,
			"0.907552" : 5.9625345232433133,
			"0.907986" : 5.9578317873856621,
			"0.908420" : 5.9528521270411794,
			"0.908854" : 5.9475957736682075,
			"0.909288" : 5.9420629715859903,
			"0.909722" : 5.9362539779633163,
			"0.910156" : 5.9301690628065646,
			"0.910590" : 5.9238085089471504,
			"0.911024" : 5.9171726120283878,
			"0.911458" : 5.9102616804917325,
			"0.911892" : 5.9030760355624663,
			"0.912326" : 5.8956160112347504,
			"0.912760" : 5.8878819542561063,
			"0.913194" : 5.879874224111302,
			"0.913628" : 5.8715931930056318,
			"0.914062" : 5.8630392458476299,
			"0.914497" : 5.8542127802311725,
			"0.914931" : 5.845114206416997,
			"0.915365" : 5.8357439473136301,
			"0.915799" : 5.8261024384577444,
			"0.916233" : 5.8161901279938899,
			"0.916667" : 5.80600747665369,
			"0.917101" : 5.795554957734411,
			"0.917535" : 5.7848330570769662,
			"0.917969" : 5.7738422730433365,
			"0.918403" : 5.7625831164933965,
			"0.918837" : 5.7510561107611871,
			"0.919271" : 5.7392617916305673,
			"0.919705" : 5.7272007073103328,
			"0.920139" : 5.7148734184087235,
			"0.920573" : 5.7022804979073705,
			"0.921007" : 5.6894225311346496,
			"0.921441" : 5.6763001157384956,
			"0.921875" : 5.6629138616586134,
			"0.922309" : 5.6492643910981251,
			"0.922743" : 5.6353523384946573,
			"0.923177" : 5.6211783504908315,
			"0.923611" : 5.6067430859042382,
			"0.924045" : 5.5920472156967937,
			"0.924479" : 5.5770914229435622,
			"0.924913" : 5.5618764028009986,
			"0.925347" : 5.5464028624746469,
			"0.925781" : 5.5306715211862505,
			"0.926215" : 5.5146831101403482,
			"0.926649" : 5.4984383724902717,
			"0.927083" : 5.481938063303593,
			"0.927517" : 5.4651829495270619,
			"0.927951" : 5.4481738099509123,
			"0.928385" : 5.430911435172705,
			"0.928819" : 5.4133966275605605,
			"0.929253" : 5.3956302012158606,
			"0.929688" : 5.3776129819354184,
			"0.930122" : 5.3593458071730957,
			"0.930556" : 5.34082952600086,
			"0.930990" : 5.3220649990693358,
			"0.931424" : 5.3030530985678013,
			"0.931858" : 5.2837947081836427,
			"0.932292" : 5.2642907230612828,
			"0.932726" : 5.2445420497605584,
			"0.933160" : 5.2245496062146106,
			"0.933594" : 5.2043143216872014,
			"0.934028" : 5.1838371367295206,
			"0.934462" : 5.1631190031364786,
			"0.934896" : 5.142160883902446,
			"0.935330" : 5.1209637531765093,
			"0.935764" : 5.0995285962171959,
			"0.936198" : 5.0778564093466674,
			"0.936632" : 5.055948199904412,
			"0.937066" : 5.0338049862004315,
			"0.937500" : 5.0114277974678814,
			"0.937934" : 4.9888176738152739,
			"0.938368" : 4.9659756661781067,
			"0.938802" : 4.9429028362700045,
			"0.939236" : 4.9196002565333989,
			"0.939670" : 4.8960690100896667,
			"0.940104" : 4.8723101906887694,
			"0.940538" : 4.8483249026584438,
			"0.940972" : 4.8241142608528538,
			"0.941406" : 4.7996793906007795,
			"0.941840" : 4.7750214276533072,
			"0.942274" : 4.7501415181310298,
			"0.942708" : 4.7250408184707844,
			"0.943142" : 4.6997204953719081,
			"0.943576" : 4.6741817257419989,
			"0.944010" : 4.6484256966422075,
			"0.944444" : 4.6224536052320788,
			"0.944878" : 4.5962666587138736,
			"0.945312" : 4.5698660742764998,
			"0.945747" : 4.5432530790389087,
			"0.946181" : 4.5164289099930723,
			"0.946615" : 4.4893948139464595,
			"0.947049" : 4.4621520474641283,
			"0.947483" : 4.4347018768102719,
			"0.947917" : 4.4070455778894004,
			"0.948351" : 4.3791844361870167,
			"0.948785" : 4.3511197467098697,
			"0.949219" : 4.3228528139257669,
			"0.949653" : 4.2943849517029165,
			"0.950087" : 4.2657174832489035,
			"0.950521" : 4.2368517410491355,
			"0.950955" : 4.2077890668049509,
			"0.951389" : 4.1785308113712309,
			"0.951823" : 4.1490783346936242,
			"0.952257" : 4.1194330057453072,
			"0.952691" : 4.0895962024633947,
			"0.953125" : 4.0595693116848661,
			"0.953559" : 4.0293537290821098,
			"0.953993" : 3.9989508590980676,
			"0.954427" : 3.9683621148808914,
			"0.954861" : 3.9375889182183537,
			"0.955295" : 3.9066326994717002,
			"0.955729" : 3.8754948975091805,
			"0.956163" : 3.8441769596391655,
			"0.956597" : 3.8126803415428903,
			"0.957031" : 3.7810065072067527,
			"0.957465" : 3.7491569288543207,
			"0.957899" : 3.7171330868778751,
			"0.958333" : 3.6849364697695766,
			"0.958767" : 3.6525685740523359,
			"0.959201" : 3.6200309042101884,
			"0.959635" : 3.5873249726184238,
			"0.960069" : 3.5544522994732555,
			"0.960503" : 3.5214144127211693,
			"0.960938" : 3.4882128479879024,
			"0.961372" : 3.4548491485070771,
			"0.961806" : 3.4213248650484429,
			"0.962240" : 3.3876415558458124,
			"0.962674" : 3.3538007865246504,
			"0.963108" : 3.3198041300292784,
			"0.963542" : 3.285653166549781,
			"0.963976" : 3.2513494834485184,
			"0.964410" : 3.2168946751863992,
			"0.964844" : 3.1822903432487366,
			"0.965278" : 3.1475380960708135,
			"0.965712" : 3.1126395489631351,
			"0.966146" : 3.0775963240363184,
			"0.966580" : 3.0424100501257128,
			"0.967014" : 3.0070823627157113,
			"0.967448" : 2.9716149038637019,
			"0.967882" : 2.9360093221237555,
			"0.968316" : 2.900267272470006,
			"0.968750" : 2.8643904162196918,
			"0.969184" : 2.8283804209559893,
			"0.969618" : 2.7922389604504785,
			"0.970052" : 2.755967714585311,
			"0.970486" : 2.7195683692751906,
			"0.970920" : 2.6830426163889767,
			"0.971354" : 2.6463921536710209,
			"0.971788" : 2.6096186846623088,
			"0.972222" : 2.5727239186212416,
			"0.972656" : 2.5357095704441974,
			"0.973090" : 2.4985773605858306,
			"0.973524" : 2.4613290149790763,
			"0.973958" : 2.4239662649549469,
			"0.974392" : 2.3864908471620749,
			"0.974826" : 2.3489045034859677,
			"0.975260" : 2.3112089809680505,
			"0.975694" : 2.2734060317244715,
			"0.976128" : 2.2354974128646248,
			"0.976562" : 2.197484886409538,
			"0.976997" : 2.1593702192099302,
			"0.977431" : 2.1211551828641095,
			"0.977865" : 2.082841553635598,
			"0.978299" : 2.0444311123705869,
			"0.978733" : 2.0059256444151856,
			"0.979167" : 1.9673269395324033,
			"0.979601" : 1.9286367918189731,
			"0.980035" : 1.8898569996219587,
			"0.980469" : 1.8509893654551766,
			"0.980903" : 1.8120356959153736,
			"0.981337" : 1.7729978015983257,
			"0.981771" : 1.7338774970145991,
			"0.982205" : 1.6946766005052813,
			"0.982639" : 1.6553969341574337,
			"0.983073" : 1.6160403237193668,
			"0.983507" : 1.576608598515842,
			"0.983941" : 1.5371035913630002,
			"0.984375" : 1.4975271384831828,
			"0.984809" : 1.457881079419582,