{
	"Temperature" : 
	{
		"0.000000" : 
		{
			"0.778212" : -2.052120859954023,
			"0.778646" : -2.0136342542958032,
			"0.779080" : -1.9750540534082379,
			"0.779514" : -1.9363820505279907,
			"0.779948" : -1.8976200431587191,
			"0.780382" : -1.8587698329875877,
			"0.780816" : -1.8198332258014833,
			"0.781250" : -1.7808120314030904,
			"0.781684" : -1.7417080635267812,
			"0.782118" : -1.7025231397542808,
			"0.782552" : -1.6632590814302044,
			"0.782986" : -1.6239177135774212,
			"0.783420" : -1.5845008648121954,
			"0.783854" : -1.5450103672592002,
			"0.784288" : -1.5054480564663697,
			"0.784722" : -1.4658157713195412,
			"0.785156" : -1.4261153539570424,
			"0.785590" : -1.3863486496840274,
			"0.786024" : -1.3465175068867266,
			"0.786458" : -1.3066237769464992,
			"0.786892" : -1.2666693141538035,
			"0.787326" : -1.2266559756220254,
			"0.787760" : -1.1865856212011299,
			"0.788194" : -1.1464601133912227,
			"0.788628" : -1.1062813172559807,
			"0.789062" : -1.0660511003359725,
			"0.789497" : -1.0257713325618121,
			"0.789931" : -0.98544388616731582,
			"0.790365" : -0.94507063560239601,
			"0.790799" : -0.90465345744600945,
			"0.791233" : -0.86419423031889941,
			"0.791667" : -0.82369483479624561,
			"0.792101" : -0.78315715332031677,
			"0.792535" : -0.74258307011293045,
			"0.792969" : -0.70197447108788413,
			"0.793403" : -0.66133324376329639,
			"0.793837" : -0.62066127717389485,
			"0.794271" : -0.57996046178312732,
			"0.794705" : -0.53923268939541968,
			"0.795139" : -0.49847985306815767,
			"0.795573" : -0.45770384702371758,
			"0.796007" : -0.41690656656143243,
			"0.796441" : -0.37608990796945413,
			"0.796875" : -0.33525576843667654,
			"0.797309" : -0.29440604596451003,
			"0.797743" : -0.25354263927868231,
			"0.798177" : -0.21266744774094171,
			"0.798611" : -0.17178237126084789,
			"0.799045" : -0.13088931020737751,
			"0.799479" : -0.089990165320667975,
			"0.799913" : -0.049086837623627318,
			"0.800347" : -0.008181228333583649,
			"0.800781" : 0.032724761226074088,
			"0.801215" : 0.07362922971431371,
			"0.801649" : 0.11453027586076092,
			"0.802083" : 0.15542599855415709,
			"0.802517" : 0.1963144969306497,
			"0.802951" : 0.23719387046218854,
			"0.803385" : 0.27806221904484241,
			"0.803819" : 0.31891764308715992,
			"0.804253" : 0.35975824359840003,
			"0.804688" : 0.40058212227684131,
			"0.805122" : 0.44138738159800539,
			"0.805556" : 0.48217212490283468,
			"0.805990" : 0.52293445648593495,
			"0.806424" : 0.56367248168356165,
			"0.806858" : 0.60438430696177092,
			"0.807292" : 0.64506804000441065,
			"0.807726" : 0.68572178980107668,
			"0.808160" : 0.72634366673499817,
			"0.808594" : 0.76693178267091056,
			"0.809028" : 0.80748425104275401,
			"0.809462" : 0.84799918694139442,
			"0.809896" : 0.88847470720226651,
			"0.810330" : 0.9289089304928313,
			"0.810764" : 0.96929997740010621,
			"0.811198" : 1.0096459705179477,
			"0.811632" : 1.0499450345343564,
			"0.812066" : 1.090195296318633,
			"0.812500" : 1.1303948850084424,
			"0.812934" : 1.1705419320967629,
			"0.813368" : 1.2106345715187659,
			"0.813802" : 1.2506709397385323,
			"0.814236" : 1.2906491758356502,
			"0.814670" : 1.3305674215917422,
			"0.815104" : 1.3704238215768165,
			"0.815538" : 1.4102165232355508,
			"0.815972" : 1.4499436769733371,
			"0.816406" : 1.4896034362422945,
			"0.816840" : 1.5291939576270872,
			"0.817274" : 1.5687134009305983,
			"0.817708" : 1.6081599292594937,
			"0.818142" : 1.6475317091095825,
			"0.818576" : 1.6868269104510172,
			"0.819010" : 1.7260437068133885,
			"0.819444" : 1.765180275370609,
			"0.819878" : 1.8042347970256287,
			"0.820312" : 1.8432054564950309,
			"0.820747" : 1.8820904423933449,
			"0.821181" : 1.9208879473172717,
			"0.821615" : 1.9595961679297247,
			"0.822049" : 1.9982133050435875,
			"0.822483" : 2.0367375637053744,
			"0.822917" : 2.0751671532786888,
			"0.823351" : 2.1135002875273945,
			"0.823785" : 2.1517351846986816,
			"0.824219" : 2.1898700676058724,
			"0.824653" : 2.2279031637110176,
			"0.825087" : 2.2658327052073148,
			"0.825521" : 2.3036569291012574,
			"0.825955" : 2.3413740772945593,
			"0.826389" : 2.3789823966659043,
			"0.826823" : 2.4164801391524202,
			"0.827257" : 2.4538655618309231,
			"0.827691" : 2.4911369269989656,
			"0.828125" : 2.52829250225555,
			"0.828559" : 2.5653305605816912,
			"0.828993" : 2.6022493804206688,
			"0.829427" : 2.6390472457580754,
			"0.829861" : 2.6757224462015601,
			"0.830295" : 2.7122732770603091,
			"0.830729" : 2.7486980394243092,
			"0.831163" : 2.7849950402433059,
			"0.831597" : 2.8211625924054964,
			"0.832031" : 2.8571990148159396,
			"0.832465" : 2.893102632474732,
			"0.832899" : 2.928871776554796,
			"0.833333" : 2.9645047844795247,
			"0.833767" : 2.9999999999999942,
			"0.834201" : 3.0353557732719745,
			"0.834635" : 3.0705704609326427,
			"0.835069" : 3.1056424261769138,
			"0.835503" : 3.1405700388335589,
			"0.835938" : 3.1753516754409619,
			"0.836372" : 3.2099857193225843,
			"0.836806" : 3.2444705606620925,
			"0.837240" : 3.2788045965782491,
			"0.837674" : 3.3129862311993143,
			"0.838108" : 3.347013875737292,
			"0.838542" : 3.3808859485617608,
			"0.838976" : 3.4146008752733792,
			"0.839410" : 3.4481570887771036,
			"0.839844" : 3.4815530293549699,
			"0.840278" : 3.514787144738631,
			"0.840712" : 3.5478578901814863,
			"0.841146" : 3.5807637285305178,
			"0.841580" : 3.6135031302976799,
			"0.842014" : 3.6460745737310578,
			"0.842448" : 3.6784765448855401,
			"0.842882" : 3.7107075376932213,
			"0.843316" : 3.7427660540333996,
			"0.843750" : 3.7746506038021996,
			"0.844184" : 3.806359704981868,
			"0.844618" : 3.8378918837095988,
			"0.845052" : 3.8692456743461081,
			"0.845486" : 3.9004196195436993,
			"0.845920" : 3.9314122703140355,
			"0.846354" : 3.9622221860954712,
			"0.846788" : 3.9928479348200465,
			"0.847222" : 4.0232880929799979,
			"0.847656" : 4.0535412456939595,
			"0.848090" : 4.083605986772719,
			"0.848524" : 4.1134809187845693,
			"0.848958" : 4.1431646531202873,
			"0.849392" : 4.1726558100576616,
			"0.849826" : 4.2019530188256056,
			"0.850260" : 4.2310549176678993,
			"0.850694" : 4.2599601539064729,
			"0.851128" : 4.2886673840042722,
			"0.851562" : 4.3171752736277416,
			"0.851997" : 4.3454824977087991,
			"0.852431" : 4.3735877405064452,
			"0.852865" : 4.4014896956679443,
			"0.853299" : 4.4291870662895008,
			"0.853733" : 4.4566785649765635,
			"0.854167" : 4.4839629139036816,
			"0.854601" : 4.5110388448738608,
			"0.855035" : 4.5379050993775358,
			"0.855469" : 4.5645604286510615,
			"0.855903" : 4.5910035937347482,
			"0.856337" : 4.6172333655304723,
			"0.856771" : 4.6432485248587865,
			"0.857205" : 4.6690478625155816,
			"0.857639" : 4.6946301793283052,
			"0.858073" : 4.7199942862117004,
			"0.858507" : 4.745139004223061,
			"0.858941" : 4.7700631646170608,
			"0.859375" : 4.7947656089000379,
			"0.859809" : 4.819245188883869,
			"0.860243" : 4.8435007667393215,
			"0.860677" : 4.867531215048964,
			"0.861111" : 4.8913354168595538,
			"0.861545" : 4.9149122657339452,
			"0.861979" : 4.938260665802531,
			"0.862413" : 4.9613795318141758,
			"0.862847" : 4.98426778918666,
			"0.863281" : 5.0069243740566209,
			"0.863715" : 5.029348233329026,
			"0.864149" : 5.0515383247260761,
			"0.864583" : 5.0734936168357034,
			"0.865017" : 5.0952130891594702,
			"0.865451" : 5.1166957321600188,
			"0.865885" : 5.1379405473080126,
			"0.866319" : 5.1589465471285134,
			"0.866753" : 5.1797127552469089,
			"0.867188" : 5.2002382064342783,
			"0.867622" : 5.2205219466522692,
			"0.868056" : 5.2405630330974224,
			"0.868490" : 5.2603605342450397,
			"0.868924" : 5.2799135298924202,
			"0.869358" : 5.2992211112016703,
			"0.869792" : 5.318282380741941,
			"0.870226" : 5.3370964525311315,
			"0.870660" : 5.3556624520770946,
			"0.871094" : 5.3739795164182507,
			"0.871528" : 5.392046794163722,
			"0.871962" : 5.409863445532892,
			"0.872396" : 5.427428642394462,