{
	"Temperature" : 
	{
		"0.000000" : 
		{
			"0.555990" : 3.8567256581192342,
			"0.556424" : 3.8253003368986667,
			"0.556858" : 3.793697212851403,
			"0.557292" : 3.761917754914327,
			"0.557726" : 3.7299634402204691,
			"0.558160" : 3.6978357540303275,
			"0.558594" : 3.6655361896628342,
			"0.559028" : 3.6330662484259504,
			"0.559462" : 3.6004274395468894,
			"0.559896" : 3.5676212801019407,
			"0.560330" : 3.534649294945976,
			"0.560764" : 3.501513016641586,
			"0.561198" : 3.4682139853878216,
			"0.561632" : 3.4347537489486211,
			"0.562066" : 3.4011338625808358,
			"0.562500" : 3.3673558889619901,
			"0.562934" : 3.333421398117614,
			"0.563368" : 3.2993319673482762,
			"0.563802" : 3.2650891811562772,
			"0.564236" : 3.2306946311719749,
			"0.564670" : 3.1961499160798232,
			"0.565104" : 3.1614566415440777,
			"0.565538" : 3.1266164201341429,
			"0.565972" : 3.0916308712496221,
			"0.566406" : 3.0565016210450571,
			"0.566840" : 3.0212303023543097,
			"0.567274" : 2.9858185546147156,
			"0.567708" : 2.9502680237908612,
			"0.568142" : 2.9145803622980457,
			"0.568576" : 2.8787572289255312,
			"0.569010" : 2.8428002887594159,
			"0.569444" : 2.8067112131052099,
			"0.569878" : 2.770491679410207,
			"0.570312" : 2.7341433711854801,
			"0.570747" : 2.697667977927638,
			"0.571181" : 2.6610671950403062,
			"0.571615" : 2.6243427237552974,
			"0.572049" : 2.587496271053551,
			"0.572483" : 2.5505295495858142,
			"0.572917" : 2.5134442775930079,
			"0.573351" : 2.4762421788263689,
			"0.573785" : 2.4389249824673405,
			"0.574219" : 2.4014944230471591,
			"0.574653" : 2.3639522403662903,
			"0.575087" : 2.3263001794135225,
			"0.575521" : 2.2885399902848786,
			"0.575955" : 2.2506734281022407,
			"0.576389" : 2.2127022529317899,
			"0.576823" : 2.1746282297022166,
			"0.577257" : 2.1364531281226578,
			"0.577691" : 2.098178722600446,
			"0.578125" : 2.0598067921586365,
			"0.578559" : 2.0213391203533257,
			"0.578993" : 1.9827774951907107,
			"0.579427" : 1.9441237090440504,
			"0.579861" : 1.9053795585702757,
			"0.580295" : 1.8665468446265494,
			"0.580729" : 1.8276273721865302,
			"0.581163" : 1.788622950256447,
			"0.581597" : 1.7495353917910745,
			"0.582031" : 1.7103665136094266,
			"0.582465" : 1.6711181363103176,
			"0.582899" : 1.6317920841877407,
			"0.583333" : 1.5923901851460942,
			"0.583767" : 1.5529142706151351,
			"0.584201" : 1.513366175464979,
			"0.584635" : 1.4737477379207293,
			"0.585069" : 1.4340607994770567,
			"0.585503" : 1.3943072048126157,
			"0.585938" : 1.3544888017042604,
			"0.586372" : 1.3146074409412216,
			"0.586806" : 1.2746649762390383,
			"0.587240" : 1.2346632641534165,
			"0.587674" : 1.1946041639938947,
			"0.588108" : 1.1544895377374926,
			"0.588542" : 1.1143212499420843,
			"0.588976" : 1.0741011676598016,
			"0.589410" : 1.0338311603502146,
			"0.589844" : 0.99351309979344471,
			"0.590278" : 0.95314886000317545,
			"0.590712" : 0.91274031713950399,
			"0.591146" : 0.87228934942180947,
			"0.591580" : 0.83179783704136812,
			"0.592014" : 0.79126766207403421,
			"0.592448" : 0.75070070839271708,
			"0.592882" : 0.71009886157983915,
			"0.593316" : 0.66946400883965007,
			"0.593750" : 0.62879803891057129,
			"0.594184" : 0.58810284197736373,
			"0.594618" : 0.5473803095832821,
			"0.595052" : 0.50663233454217416,
			"0.595486" : 0.46586081085041786,
			"0.595920" : 0.42506763359901367,
			"0.596354" : 0.38425469888541441,
			"0.596788" : 0.34342390372541454,
			"0.597222" : 0.30257714596497559,
			"0.597656" : 0.26171632419202318,
			"0.598090" : 0.22084333764815711,
			"0.598524" : 0.17996008614043646,
			"0.598958" : 0.13906846995304378,
			"0.599392" : 0.098170389758926113,
			"0.599826" : 0.057267746531525041,
			"0.600260" : 0.016362441456332734,
			"0.600694" : -0.024543624157402008,
			"0.601128" : -0.065448548965090628,
			"0.601562" : -0.1063504316751701,
			"0.601997" : -0.14724737113747635,
			"0.602431" : -0.18813746643160054,
			"0.602865" : -0.2290188169552772,
			"0.603299" : -0.26988952251270432,
			"0.603733" : -0.31074768340284464,
			"0.604167" : -0.35159140050775706,
			"0.604601" : -0.3924187753808478,
			"0.605035" : -0.43322791033515412,
			"0.605469" : -0.47401690853148659,
			"0.605903" : -0.51478387406663806,
			"0.606337" : -0.55552691206149563,
			"0.606771" : -0.59624412874910626,
			"0.607205" : -0.63693363156273164,
			"0.607639" : -0.67759352922379501,
			"0.608073" : -0.71822193182976812,
			"0.608507" : -0.75881695094204726,
			"0.608941" : -0.79937669967371816,
			"0.609375" : -0.83989929277725006,
			"0.609809" : -0.88038284673216527,
			"0.610243" : -0.92082547983252327,
			"0.610677" : -0.96122531227441543,
			"0.611111" : -1.0015804662433716,
			"0.611545" : -1.0418890660015787,
			"0.611979" : -1.0821492379750985,
			"0.612413" : -1.1223591108409841,
			"0.612847" : -1.1625168156141972,
			"0.613281" : -1.2026204857345215,
			"0.613715" : -1.2426682571533127,
			"0.614149" : -1.2826582684201295,
			"0.614583" : -1.3225886607692861,
			"0.615017" : -1.3624575782062291,
			"0.615451" : -1.402263167593784,
			"0.615885" : -1.4420035787383221,
			"0.616319" : -1.4816769644757484,
			"0.616753" : -1.5212814807573478,
			"0.617188" : -1.560815286735542,
			"0.617622" : -1.6002765448493879,
			"0.618056" : -1.6396634209100323,
			"0.618490" : -1.678974084185946,
			"0.618924" : -1.7182067074880463,
			"0.619358" : -1.757359467254608,
			"0.619792" : -1.7964305436360024,
			"0.620226" : -1.8354181205793161,
			"0.620660" : -1.8743203859127511,
			"0.621094" : -1.9131355314298581,
			"0.621528" : -1.9518617529735716,
			"0.621962" : -1.9904972505201095,
			"0.622396" : -2.0290402282625686,
			"0.622830" : -2.0674888946944758,
			"0.623264" : -2.1058414626929878,
			"0.623698" : -2.1440961496019897,
			"0.624132" : -2.1822511773149826,
			"0.624566" : -2.2203047723576708,
			"0.625000" : -2.2582551659704357,
			"0.625434" : -2.296100594190539,
			"0.625868" : -2.3338392979341118,
			"0.626302" : -2.3714695230779004,
			"0.626736" : -2.4089895205408745,
			"0.627170" : -2.4463975463654122,
			"0.627604" : -2.483691861798436,
			"0.628038" : -2.5208707333722127,
			"0.628472" : -2.5579324329849165,
			"0.628906" : -2.594875237980991,
			"0.629340" : -2.6316974312311627,
			"0.629774" : -2.6683973012122904,
			"0.630208" : -2.7049731420869021,
			"0.630642" : -2.7414232537825196,
			"0.631076" : -2.7777459420706134,
			"0.631510" : -2.8139395186454261,
			"0.631944" : -2.8500023012023838,
			"0.632378" : -2.885932613516323,
			"0.632812" : -2.9217287855193987,
			"0.633247" : -2.9573891533786973,
			"0.633681" : -2.9929120595736132,
			"0.634115" : -3.0282958529728226,
			"0.634549" : -3.0635388889111068,
			"0.634983" : -3.0986395292657325,
			"0.635417" : -3.1335961425326277,
			"0.635851" : -3.168407103902199,
			"0.636285" : -3.2030707953348907,
			"0.636719" : -3.2375856056363332,
			"0.637153" : -3.2719499305322781,
			"0.637587" : -3.3061621727431461,
			"0.638021" : -3.3402207420582695,
			"0.638455" : -3.374124055409828,
			"0.638889" : -3.4078705369464171,
			"0.639323" : -3.441458618106271,
			"0.639757" : -3.474886737690206,
			"0.640191" : -3.5081533419341677,
			"0.640625" : -3.5412568845814496,
			"0.641059" : -3.5741958269545959,
			"0.641493" : -3.6069686380268697,
			"0.641927" : -3.6395737944934403,
			"0.642361" : -3.6720097808422141,
			"0.642795" : -3.7042750894242276,
			"0.643229" : -3.7363682205237465,
			"0.643663" : -3.7682876824279994,
			"0.644097" : -3.8000319914964669,
			"0.644531" : -3.8315996722298706,
			"0.644965" : -3.8629892573387501,
			"0.645399" : -3.8941992878116558,
			"0.645833" : -3.9252283129829868,
			"0.646267" : -3.956074890600406,
			"0.646701" : -3.9867375868918575,
			"0.647135" : -4.0172149766322374,
			"0.647569" : -4.0475056432096261,
			"0.648003" : -4.0776081786911327,
			"0.648438" : -4.107521183888359,
			"0.648872" : -4.1372432684224005,
			"0.649306" : -4.1667730507884873,
			"0.649740" : -4.1961091584201977,