{
	"Temperature" : 
	{
		"0.000000" : 
		{
			"0.222656" : -2.0521208599540093,
			"0.223090" : -2.0905120814966072,
			"0.223524" : -2.1288061344708273,
			"0.223958" : -2.1670012389403932,
			"0.224392" : -2.2050956195682199,
			"0.224826" : -2.2430875056989446,
			"0.225260" : -2.2809751314412225,
			"0.225694" : -2.318756735749818,
			"0.226128" : -2.3564305625074424,
			"0.226562" : -2.3939948606063925,
			"0.226997" : -2.4314478840299381,
			"0.227431" : -2.4687878919334771,
			"0.227865" : -2.5060131487254638,
			"0.228299" : -2.5431219241480525,
			"0.228733" : -2.5801124933575563,
			"0.229167" : -2.6169831370045911,
			"0.229601" : -2.6537321413140065,
			"0.230035" : -2.6903577981645364,
			"0.230469" : -2.7268584051682048,
			"0.230903" : -2.7632322657494406,
			"0.231337" : -2.7994776892239348,
			"0.231771" : -2.8355929908772461,
			"0.232205" : -2.8715764920430815,
			"0.232639" : -2.9074265201813434,
			"0.233073" : -2.943141408955845,
			"0.233507" : -2.9787194983117962,
			"0.233941" : -3.0141591345529348,
			"0.234375" : -3.0494586704184075,
			"0.234809" : -3.0846164651593293,
			"0.235243" : -3.1196308846150487,
			"0.235677" : -3.1545003012891124,
			"0.236111" : -3.1892230944248912,
			"0.236545" : -3.2237976500809413,
			"0.236979" : -3.2582223612060002,
			"0.237413" : -3.292495627713695,
			"0.237847" : -3.3266158565569062,
			"0.238281" : -3.3605814618018313,
			"0.238715" : -3.3943908647016796,
			"0.239149" : -3.4280424937700582,
			"0.239583" : -3.4615347848540345,
			"0.240017" : -3.4948661812068096,
			"0.240451" : -3.5280351335601083,
			"0.240885" : -3.5610401001961551,
			"0.241319" : -3.5938795470193714,
			"0.241753" : -3.6265519476276524,
			"0.242188" : -3.659055783383331,
			"0.242622" : -3.6913895434837602,
			"0.243056" : -3.7235517250315335,
			"0.243490" : -3.7555408331043543,
			"0.243924" : -3.7873553808244949,
			"0.244358" : -3.8189938894279387,
			"0.244792" : -3.8504548883330889,
			"0.245226" : -3.8817369152091437,
			"0.245660" : -3.9128385160440384,
			"0.246094" : -3.943758245212063,
			"0.246528" : -3.9744946655410307,
			"0.246962" : -4.005046348379083,
			"0.247396" : -4.0354118736611078,
			"0.247830" : -4.0655898299747291,
			"0.248264" : -4.0955788146259238,
			"0.248698" : -4.1253774337042017,
			"0.249132" : -4.1549843021474206,
			"0.249566" : -4.184398043806139,
			"0.250000" : -4.2136172915076067,
			"0.250434" : -4.2426406871192848,
			"0.250868" : -4.2714668816119943,
			"0.251302" : -4.3000945351226072,
			"0.251736" : -4.3285223170163381,
			"0.252170" : -4.3567489059485744,
			"0.252604" : -4.3847729899263079,
			"0.253038" : -4.4125932663691092,
			"0.253472" : -4.4402084421696824,
			"0.253906" : -4.4676172337539555,
			"0.254340" : -4.4948183671407538,
			"0.254774" : -4.5218105780010136,
			"0.255208" : -4.5485926117165345,
			"0.255642" : -4.5751632234383282,
			"0.256076" : -4.6015211781444378,
			"0.256510" : -4.6276652506973814,
			"0.256944" : -4.6535942259010632,
			"0.257378" : -4.6793068985572885,
			"0.257812" : -4.7048020735217611,
			"0.258247" : -4.7300785657596354,
			"0.258681" : -4.7551352004006135,
			"0.259115" : -4.7799708127935316,
			"0.259549" : -4.8045842485605137,
			"0.259983" : -4.8289743636506222,
			"0.260417" : -4.8531400243930225,
			"0.260851" : -4.8770801075496877,
			"0.261285" : -4.9007935003676204,
			"0.261719" : -4.9242791006305424,
			"0.262153" : -4.9475358167101504,
			"0.262587" : -4.970562567616855,
			"0.263021" : -4.9933582830500063,
			"0.263455" : -5.0159219034476781,
			"0.263889" : -5.0382523800358774,
			"0.264323" : -5.0603486748773125,
			"0.264757" : -5.0822097609196417,
			"0.265191" : -5.1038346220432036,
			"0.265625" : -5.1252222531082383,
			"0.266059" : -5.1463716600016323,
			"0.266493" : -5.1672818596830963,
			"0.266927" : -5.1879518802308739,
			"0.267361" : -5.2083807608869277,
			"0.267795" : -5.2285675521015662,
			"0.268229" : -5.2485113155776082,
			"0.268663" : -5.2682111243139751,
			"0.269097" : -5.2876660626487944,
			"0.269531" : -5.3068752263019521,
			"0.269965" : -5.3258377224171243,
			"0.270399" : -5.3445526696032752,
			"0.270833" : -5.3630191979756363,
			"0.271267" : -5.3812364491961295,
			"0.271701" : -5.3992035765132611,
			"0.272135" : -5.4169197448014907,
			"0.272569" : -5.4343841306000336,
			"0.273003" : -5.4515959221511521,
			"0.273438" : -5.4685543194378745,
			"0.273872" : -5.4852585342211828,
			"0.274306" : -5.5017077900766562,
			"0.274740" : -5.5179013224305518,
			"0.275174" : -5.53383837859535,
			"0.275608" : -5.5495182178047386,
			"0.276042" : -5.5649401112480348,
			"0.276476" : -5.5801033421040707,
			"0.276910" : -5.5950072055745181,
			"0.277344" : -5.6096510089166305,
			"0.277778" : -5.6240340714754495,
			"0.278212" : -5.6381557247154506,
			"0.278646" : -5.6520153122516037,
			"0.279080" : -5.6656121898798979,
			"0.279514" : -5.6789457256072682,
			"0.279948" : -5.6920152996809774,
			"0.280382" : -5.7048203046174297,
			"0.280816" : -5.7173601452303995,
			"0.281250" : -5.7296342386586936,
			"0.281684" : -5.7416420143932534,
			"0.282118" : -5.7533829143036597,
			"0.282552" : -5.7648563926640861,
			"0.282986" : -5.7760619161786604,
			"0.283420" : -5.7869989640062496,
			"0.283854" : -5.7976670277846756,
			"0.284288" : -5.8080656116543352,
			"0.284722" : -5.8181942322812592,
			"0.285156" : -5.8280524188795679,
			"0.285590" : -5.8376397132333615,
			"0.286024" : -5.8469556697180085,
			"0.286458" : -5.8559998553208743,
			"0.286892" : -5.8647718496614312,
			"0.287326" : -5.8732712450108071,
			"0.287760" : -5.8814976463107378,
			"0.288194" : -5.8894506711919217,
			"0.288628" : -5.8971299499918066,
			"0.289062" : -5.9045351257717549,
			"0.289497" : -5.9116658543336467,
			"0.289931" : -5.9185218042358745,
			"0.290365" : -5.9251026568087495,
			"0.290799" : -5.9314081061693091,
			"0.291233" : -5.9374378592355423,
			"0.291667" : -5.9431916357400087,
			"0.292101" : -5.9486691682428621,
			"0.292535" : -5.9538702021442873,
			"0.292969" : -5.9587944956963304,
			"0.293403" : -5.9634418200141361,
			"0.293837" : -5.9678119590865863,
			"0.294271" : -5.9719047097863438,
			"0.294705" : -5.9757198818792858,
			"0.295139" : -5.9792572980333567,
			"0.295573" : -5.9825167938268002,
			"0.296007" : -5.9854982177558087,
			"0.296441" : -5.9882014312415652,
			"0.296875" : -5.9906263086366804,
			"0.297309" : -5.992772737231034,
			"0.297743" : -5.9946406172570175,
			"0.298177" : -5.9962298618941681,
			"0.298611" : -5.9975403972732027,
			"0.299045" : -5.998572162479455,
			"0.299479" : -5.9993251095557039,
			"0.299913" : -5.9997992035044065,
			"0.300347" : -5.99999442228932,
			"0.300781" : -5.9999107568365293,
			"0.301215" : -5.9995482110348668,
			"0.301649" : -5.9989068017357337,
			"0.302083" : -5.9979865587523156,
			"0.302517" : -5.9967875248581937,
			"0.302951" : -5.9953097557853638,
			"0.303385" : -5.9935533202216407,
			"0.303819" : -5.9915182998074643,
			"0.304253" : -5.9892047891321099,
			"0.304688" : -5.9866128957292855,
			"0.305122" : -5.9837427400721417,
			"0.305556" : -5.9805944555676627,
			"0.305990" : -5.9771681885504737,
			"0.306424" : -5.9734640982760316,
			"0.306858" : -5.9694823569132298,
			"0.307292" : -5.9652231495363921,
			"0.307726" : -5.9606866741166673,
			"0.308160" : -5.955873141512833,
			"0.308594" : -5.9507827754614953,
			"0.309028" : -5.9454158125666803,
			"0.309462" : -5.9397725022888483,
			"0.309896" : -5.9338531069332889,
			"0.310330" : -5.927657901637934,
			"0.310764" : -5.921187174360572,
			"0.311198" : -5.9144412258654544,
			"0.311632" : -5.9074203697093246,
			"0.312066" : -5.900124932226837,
			"0.312500" : -5.8925552525153941,
			"0.312934" : -5.8847116824193826,
			"0.313368" : -5.8765945865138214,
			"0.313802" : -5.8682043420874086,
			"0.314236" : -5.8595413391249949,
			"0.314670" : -5.8506059802894521,
			"0.315104" : -5.8413986809029534,
			"0.315538" : -5.8319198689276774,