{
	"Temperature" : 
	{
		"0.000000" : 
		{
			"0.111545" : 5.9088465180732488,
			"0.111979" : 5.9016059701364245,
			"0.112413" : 5.8940911111308942,
			"0.112847" : 5.8863022903529361,
			"0.113281" : 5.8782398698327771,
			"0.113715" : 5.8699042243177662,
			"0.114149" : 5.8612957412549545,
			"0.114583" : 5.8524148207730864,
			"0.115017" : 5.8432618756640018,
			"0.115451" : 5.8338373313634513,
			"0.115885" : 5.8241416259313148,
			"0.116319" : 5.8141752100312507,
			"0.116753" : 5.8039385469097375,
			"0.117188" : 5.7934321123745498,
			"0.117622" : 5.7826563947726388,
			"0.118056" : 5.7716118949674371,
			"0.118490" : 5.7602991263155721,
			"0.118924" : 5.7487186146430096,
			"0.119358" : 5.7368708982206114,
			"0.119792" : 5.7247565277391175,
			"0.120226" : 5.7123760662835465,
			"0.120660" : 5.6997300893070255,
			"0.121094" : 5.6868191846040439,
			"0.121528" : 5.6736439522831281,
			"0.121962" : 5.6602050047389518,
			"0.122396" : 5.646502966623868,
			"0.122830" : 5.6325384748188796,
			"0.123264" : 5.6183121784040306,
			"0.123698" : 5.6038247386282407,
			"0.124132" : 5.5890768288785715,
			"0.124566" : 5.5740691346489175,
			"0.125000" : 5.5588023535081579,
			"0.125434" : 5.54327719506772,
			"0.125868" : 5.5274943809486077,
			"0.126302" : 5.5114546447478467,
			"0.126736" : 5.4951587320044002,
			"0.127170" : 5.4786074001645035,
			"0.127604" : 5.4618014185464663,
			"0.128038" : 5.4447415683049121,
			"0.128472" : 5.4274286423944647,
			"0.128906" : 5.4098634455328973,
			"0.129340" : 5.3920467941637238,
			"0.129774" : 5.3739795164182533,
			"0.130208" : 5.3556624520770981,
			"0.130642" : 5.3370964525311377,
			"0.131076" : 5.3182823807419419,
			"0.131510" : 5.2992211112016729,
			"0.131944" : 5.2799135298924256,
			"0.132378" : 5.2603605342450468,
			"0.132812" : 5.2405630330974304,
			"0.133247" : 5.2205219466522692,
			"0.133681" : 5.20023820643428,
			"0.134115" : 5.1797127552469115,
			"0.134549" : 5.1589465471285187,
			"0.134983" : 5.137940547308018,
			"0.135417" : 5.1166957321600259,
			"0.135851" : 5.0952130891594738,
			"0.136285" : 5.0734936168357088,
			"0.136719" : 5.0515383247260832,
			"0.137153" : 5.0293482333290296,
			"0.137587" : 5.0069243740566263,
			"0.138021" : 4.9842677891866609,
			"0.138455" : 4.9613795318141793,
			"0.138889" : 4.9382606658025336,
			"0.139323" : 4.9149122657339497,
			"0.139757" : 4.8913354168595626,
			"0.140191" : 4.8675312150489738,
			"0.140625" : 4.8435007667393268,
			"0.141059" : 4.8192451888838699,
			"0.141493" : 4.7947656089000423,
			"0.141927" : 4.7700631646170661,
			"0.142361" : 4.7451390042230681,
			"0.142795" : 4.719994286211703,
			"0.143229" : 4.6946301793283114,
			"0.143663" : 4.6690478625155869,
			"0.144097" : 4.6432485248587945,
			"0.144531" : 4.6172333655304829,
			"0.144965" : 4.5910035937347544,
			"0.145399" : 4.5645604286510615,
			"0.145833" : 4.5379050993775376,
			"0.146267" : 4.5110388448738661,
			"0.146701" : 4.4839629139036887,
			"0.147135" : 4.4566785649765732,
			"0.147569" : 4.4291870662895061,
			"0.148003" : 4.4014896956679506,
			"0.148438" : 4.3735877405064532,
			"0.148872" : 4.3454824977088009,
			"0.149306" : 4.3171752736277478,
			"0.149740" : 4.2886673840042793,
			"0.150174" : 4.2599601539064746,
			"0.150608" : 4.2310549176679046,
			"0.151042" : 4.2019530188256144,
			"0.151476" : 4.1726558100576723,
			"0.151910" : 4.1431646531202979,
			"0.152344" : 4.1134809187845756,
			"0.152778" : 4.083605986772719,
			"0.153212" : 4.0535412456939621,
			"0.153646" : 4.0232880929800023,
			"0.154080" : 3.9928479348200554,
			"0.154514" : 3.9622221860954818,
			"0.154948" : 3.9314122703140404,
			"0.155382" : 3.9004196195437055,
			"0.155816" : 3.869245674346117,
			"0.156250" : 3.8378918837096121,
			"0.156684" : 3.8063597049818729,
			"0.157118" : 3.7746506038022094,
			"0.157552" : 3.7427660540334022,
			"0.157986" : 3.7107075376932266,
			"0.158420" : 3.6784765448855472,
			"0.158854" : 3.6460745737310694,
			"0.159288" : 3.6135031302976941,
			"0.159722" : 3.5807637285305232,
			"0.160156" : 3.5478578901814952,
			"0.160590" : 3.5147871447386336,
			"0.161024" : 3.4815530293549752,
			"0.161458" : 3.4481570887771111,
			"0.161892" : 3.4146008752733916,
			"0.162326" : 3.3808859485617657,
			"0.162760" : 3.3470138757372996,
			"0.163194" : 3.3129862311993241,
			"0.163628" : 3.2788045965782615,
			"0.164062" : 3.2444705606621089,
			"0.164497" : 3.2099857193225829,
			"0.164931" : 3.1753516754409645,
			"0.165365" : 3.1405700388335642,
			"0.165799" : 3.1056424261769218,
			"0.166233" : 3.070570460932653,
			"0.166667" : 3.0353557732719887,
			"0.167101" : 3.0000000000000018,
			"0.167535" : 2.9645047844795327,
			"0.167969" : 2.928871776554808,
			"0.168403" : 2.8931026324747373,
			"0.168837" : 2.8571990148159498,
			"0.169271" : 2.8211625924054973,
			"0.169705" : 2.7849950402433112,
			"0.170139" : 2.7486980394243172,
			"0.170573" : 2.7122732770603193,
			"0.171007" : 2.675722446201573,
			"0.171441" : 2.6390472457580905,
			"0.171875" : 2.6022493804206794,
			"0.172309" : 2.5653305605816921,
			"0.172743" : 2.5282925022555558,
			"0.173177" : 2.4911369269989736,
			"0.173611" : 2.453865561830936,
			"0.174045" : 2.4164801391524238,
			"0.174479" : 2.3789823966659127,
			"0.174913" : 2.3413740772945699,
			"0.175347" : 2.3036569291012681,
			"0.175781" : 2.2658327052073304,
			"0.176215" : 2.2279031637110265,
			"0.176649" : 2.189870067605876,
			"0.177083" : 2.1517351846986852,
			"0.177517" : 2.1135002875274034,
			"0.177951" : 2.0751671532786995,
			"0.178385" : 2.0367375637053904,
			"0.178819" : 1.9982133050435937,
			"0.179253" : 1.9595961679297331,
			"0.179688" : 1.9208879473172855,
			"0.180122" : 1.8820904423933484,
			"0.180556" : 1.8432054564950398,
			"0.180990" : 1.80423479702564,
			"0.181424" : 1.7651802753706149,
			"0.181858" : 1.7260437068133947,
			"0.182292" : 1.6868269104510283,
			"0.182726" : 1.6475317091095962,
			"0.183160" : 1.6081599292595099,
			"0.183594" : 1.568713400930607,
			"0.184028" : 1.5291939576270881,
			"0.184462" : 1.4896034362423005,
			"0.184896" : 1.4499436769733434,
			"0.185330" : 1.4102165232355621,
			"0.185764" : 1.3704238215768305,
			"0.186198" : 1.3305674215917509,
			"0.186632" : 1.2906491758356591,
			"0.187066" : 1.2506709397385438,
			"0.187500" : 1.2106345715187825,
			"0.187934" : 1.1705419320967716,
			"0.188368" : 1.1303948850084433,
			"0.188802" : 1.0901952963186365,
			"0.189236" : 1.0499450345343653,
			"0.189670" : 1.0096459705179566,
			"0.190104" : 0.96929997740012031,
			"0.190538" : 0.92890893049284817,
			"0.190972" : 0.8884747072022755,
			"0.191406" : 0.84799918694140608,
			"0.191840" : 0.80748425104275767,
			"0.192274" : 0.76693178267091955,
			"0.192708" : 0.72634366673500705,
			"0.193142" : 0.68572178980108034,
			"0.193576" : 0.64506804000441698,
			"0.194010" : 0.60438430696178269,
			"0.194444" : 0.56367248168357331,
			"0.194878" : 0.52293445648595183,
			"0.195312" : 0.48217212490285422,
			"0.195747" : 0.44138738159800639,
			"0.196181" : 0.40058212227684498,
			"0.196615" : 0.35975824359840636,
			"0.197049" : 0.31891764308717158,
			"0.197483" : 0.27806221904485406,
			"0.197917" : 0.23719387046219487,
			"0.198351" : 0.19631449693065869,
			"0.198785" : 0.15542599855417141,
			"0.199219" : 0.11453027586077524,
			"0.199653" : 0.073629229714320038,
			"0.200087" : 0.032724761226085752,
			"0.200521" : -0.0081812283335799749,
			"0.200955" : -0.049086837623620989,
			"0.201389" : -0.089990165320658982,
			"0.201823" : -0.13088931020736319,
			"0.202257" : -0.17178237126083357,
			"0.202691" : -0.21266744774093269,
			"0.203125" : -0.25354263927867066,
			"0.203559" : -0.29440604596450637,
			"0.203993" : -0.33525576843667021,
			"0.204427" : -0.37608990796944519,
			"0.204861" : -0.41690656656141817,
			"0.205295" : -0.45770384702371125,
			"0.205729" : -0.49847985306814868,
			"0.206163" : -0.53923268939540814,