tpb,nX,time
256,2048,46.01423555
256,2048,45.02211292
256,2048,45.01283589
256,2048,44.99903031
