tpb,nX,time
256,2048,178.46412500
256,2048,178.19307812
256,2048,61.39600000
256,2048,178.26031250
256,2048,178.26304687
256,2048,61.63004687
